TimeGenerated [UTC],IPAddress,TenantId,SourceSystem,ResourceId,OperationName,OperationVersion,Category,ResultType,ResultSignature,ResultDescription,DurationMs,CorrelationId,Resource,ResourceGroup,ResourceProvider,Identity,Level,Location,AlternateSignInName,AppDisplayName,AppId,AuthenticationContextClassReferences,AuthenticationDetails,AppliedEventListeners,AuthenticationMethodsUsed,AuthenticationProcessingDetails,AuthenticationRequirement,AuthenticationRequirementPolicies,ClientAppUsed,ConditionalAccessPolicies,ConditionalAccessStatus,CreatedDateTime [UTC],DeviceDetail,IsInteractive,Id,IsRisky,LocationDetails,MfaDetail,NetworkLocationDetails,OriginalRequestId,ProcessingTimeInMilliseconds,RiskDetail,RiskEventTypes,RiskEventTypes_V2,RiskLevelAggregated,RiskLevelDuringSignIn,RiskState,ResourceDisplayName,ResourceIdentity,ResourceServicePrincipalId,ServicePrincipalId,ServicePrincipalName,Status,TokenIssuerName,TokenIssuerType,UserAgent,UserDisplayName,UserId,UserPrincipalName,AADTenantId,UserType,FlaggedForReview,IPAddressFromResourceProvider,SignInIdentifier,SignInIdentifierType,ResourceTenantId,HomeTenantId,UniqueTokenIdentifier,SessionId,SessionLifetimePolicies,AutonomousSystemNumber,AuthenticationProtocol,CrossTenantAccessType,AuthenticationAppDeviceDetails,AuthenticationAppPolicyEvaluationDetails,ClientCredentialType,FederatedCredentialId,GlobalSecureAccessIpAddress,HomeTenantName,IncomingTokenType,IsTenantRestricted,IsThroughGlobalSecureAccess,OriginalTransferMethod,TokenProtectionStatusDetails,AppOwnerTenantId,ResourceOwnerTenantId,Agent,SourceAppClientId,ConditionalAccessAudiences,AuthenticatorAppLocation,AppliedConditionalAccessPolicies,RiskLevel,Type
"6/15/2026, 12:40:24.178 PM",192.168.1.1,1234abcd-a123-2a12-a1b2-1a12345678b1,Azure AD,/tenants/a1b2c345-1a2b-1234-123a-123abcd12345/providers/Microsoft.aadiam,Sign-in activity,1.0,SignInLogs,0,SUCCESS,,0,56e7fab8-9012-cd34-ef56-7a890bc1def2,Microsoft.aadiam,Microsoft.aadiam,,Isaac Dunham,,US,,One Outlook Web,9199bf20-a13f-4107-85dc-02114787ef48,[],"[{""authenticationStepDateTime"":""2026-06-15T12:35:28.8064136+00:00"",""authenticationMethod"":""Previously satisfied"",""succeeded"":true,""authenticationStepResultDetail"":""First factor requirement satisfied by claim in the token"",""authenticationStepRequirement"":"""",""StatusSequence"":0,""RequestSequence"":0},{""authenticationStepDateTime"":""2026-06-15T12:35:28.8064136+00:00"",""authenticationMethod"":""Previously satisfied"",""authenticationMethodDetail"":"""",""succeeded"":true,""authenticationStepResultDetail"":""MFA requirement satisfied by claim in the token"",""authenticationStepRequirement"":""""}]",,,"[{""key"":""Login Hint Present"",""value"":""True""},{""key"":""Legacy TLS (TLS 1.0, 1.1, 3DES)"",""value"":""False""},{""key"":""Is Legacy Store Used"",""value"":""False""},{""key"":""Is CAE Token"",""value"":""False""}]",multiFactorAuthentication,"[{""requirementProvider"":""securityDefaults"",""detail"":""Security Defaults""}]",Browser,"[{""id"":""SecurityDefaults"",""displayName"":""Security Defaults"",""enforcedGrantControls"":[""Mfa""],""result"":""success"",""conditionsSatisfied"":3,""conditionsNotSatisfied"":0}]",notApplied,"6/15/2026, 12:35:28.806 PM","{""deviceId"":"""",""operatingSystem"":""Windows10"",""browser"":""Firefox 151.0"",""isCompliant"":false,""isManaged"":false}",true,23f45ab6-7890-1cde-2f34-a5bc678d9012,,"{""city"":""Seattle"",""state"":""Washington"",""countryOrRegion"":""US"",""geoCoordinates"":{""latitude"":47.6062095,""longitude"":-122.3320708}}",,,23f45ab6-7890-1cde-2f34-a5bc678d9012,103,hidden,[],[],hidden,hidden,none,Office 365 Exchange Online,00000002-0000-0ff1-ce00-000000000000,e9fab012-34cd-56e7-8f9a-01b234cde567,00000000-0000-0000-0000-000000000000,One Outlook Web,"{""errorCode"":0,""additionalDetails"":""MFA requirement satisfied by claim in the token""}",,AzureAD,Mozilla/5.0 (Windows NT 10.0; Win64; x64; rv:151.0) Gecko/20100101 Firefox/151.0,Isaac Dunham,a12bc345-6d7e-89f0-gh1i-23j456kl78m7,isaacdunham@corp.local,a1b2c345-1a2b-1234-123a-123abcd12345,Member,,,,,a1b2c345-1a2b-1234-123a-123abcd12345,a1b2c345-1a2b-1234-123a-123abcd12345,rRsStuTU01-vV2w3WXxyYZ,567ab890-1234-c567-defa-8b90cdefa1b2,[],7922,none,none,,,none,,,,none,false,false,none,"{""signInSessionStatus"":""unbound"",""signInSessionStatusCode"":1002}",d8efab90-c12d-3e4f-56a7-8b901c23456d,d8efab90-c12d-3e4f-56a7-8b901c23456d,"{""agentType"":""notAgentic"",""agentSubjectType"":""notAgentic""}",,"[""00000002-0000-0ff1-ce00-000000000000""]",,,,SigninLogs
"6/15/2026, 12:41:12.442 PM",192.168.1.1,1234abcd-a123-2a12-a1b2-1a12345678b1,Azure AD,/tenants/a1b2c345-1a2b-1234-123a-123abcd12345/providers/Microsoft.aadiam,Sign-in activity,1.0,SignInLogs,0,SUCCESS,,0,789cde01-fab2-34c5-de6f-7a8b90123c45,Microsoft.aadiam,Microsoft.aadiam,,Isaac Dunham,,US,,Azure Portal,c44b4083-3bb0-49c1-b47d-974e53cbdf3c,[],"[{""authenticationStepDateTime"":""2026-06-15T12:36:47.7931232+00:00"",""authenticationMethod"":""Previously satisfied"",""succeeded"":true,""authenticationStepResultDetail"":""First factor requirement satisfied by claim in the token"",""authenticationStepRequirement"":"""",""StatusSequence"":0,""RequestSequence"":0},{""authenticationStepDateTime"":""2026-06-15T12:36:47.7931232+00:00"",""authenticationMethod"":""Previously satisfied"",""authenticationMethodDetail"":"""",""succeeded"":true,""authenticationStepResultDetail"":""MFA requirement satisfied by claim in the token"",""authenticationStepRequirement"":""""}]",,,"[{""key"":""Legacy TLS (TLS 1.0, 1.1, 3DES)"",""value"":""False""},{""key"":""Is Legacy Store Used"",""value"":""False""},{""key"":""Is CAE Token"",""value"":""False""}]",multiFactorAuthentication,"[{""requirementProvider"":""securityDefaults"",""detail"":""Security Defaults""}]",Browser,"[{""id"":""SecurityDefaults"",""displayName"":""Security Defaults"",""enforcedGrantControls"":[""Mfa""],""result"":""success"",""conditionsSatisfied"":3,""conditionsNotSatisfied"":0}]",notApplied,"6/15/2026, 12:36:47.793 PM","{""deviceId"":"""",""operatingSystem"":""Windows10"",""browser"":""Firefox 151.0"",""isCompliant"":false,""isManaged"":false}",true,012345b6-789c-0d1e-fab2-345c67de8901,,"{""city"":""Seattle"",""state"":""Washington"",""countryOrRegion"":""US"",""geoCoordinates"":{""latitude"":47.6062095,""longitude"":-122.3320708}}",,,012345b6-789c-0d1e-fab2-345c67de8901,84,hidden,[],[],hidden,hidden,none,Azure Resource Manager,456f7890-ab12-3cd4-ef56-abc7d8e90123,c56d789e-0123-4fa5-67bc-8d901e23fa45,00000000-0000-0000-0000-000000000000,Azure Portal,"{""errorCode"":0,""additionalDetails"":""MFA requirement satisfied by claim in the token""}",,AzureAD,Mozilla/5.0 (Windows NT 10.0; Win64; x64; rv:151.0) Gecko/20100101 Firefox/151.0,Isaac Dunham,a12bc345-6d7e-89f0-gh1i-23j456kl78m7,isaacdunham@corp.local,a1b2c345-1a2b-1234-123a-123abcd12345,Member,,,,,a1b2c345-1a2b-1234-123a-123abcd12345,a1b2c345-1a2b-1234-123a-123abcd12345,e7EFG8fHIJghiKLMjk9NOP,567ab890-1234-c567-defa-8b90cdefa1b2,[],7922,none,none,,,none,,,,none,false,false,none,"{""signInSessionStatus"":""unbound"",""signInSessionStatusCode"":1002}",d8efab90-c12d-3e4f-56a7-8b901c23456d,d8efab90-c12d-3e4f-56a7-8b901c23456d,"{""agentType"":""notAgentic"",""agentSubjectType"":""notAgentic""}",,"[""456f7890-ab12-3cd4-ef56-abc7d8e90123""]",,,,SigninLogs
"6/15/2026, 12:44:50.610 PM",192.168.1.1,1234abcd-a123-2a12-a1b2-1a12345678b1,Azure AD,/tenants/a1b2c345-1a2b-1234-123a-123abcd12345/providers/Microsoft.aadiam,Sign-in activity,1.0,SignInLogs,0,SUCCESS,,0,3cdef4a5-6b78-9012-c34d-ef5abcde678f,Microsoft.aadiam,Microsoft.aadiam,,Isaac Dunham,,US,,Microsoft 365 Security and Compliance Center,80ccca67-54bd-44ab-8625-4b79c4dc7775,[],"[{""authenticationStepDateTime"":""2026-06-15T12:39:59.3235955+00:00"",""authenticationMethod"":""Previously satisfied"",""succeeded"":true,""authenticationStepResultDetail"":""First factor requirement satisfied by claim in the token"",""authenticationStepRequirement"":"""",""StatusSequence"":0,""RequestSequence"":0},{""authenticationStepDateTime"":""2026-06-15T12:39:59.3235955+00:00"",""authenticationMethod"":""Previously satisfied"",""authenticationMethodDetail"":"""",""succeeded"":true,""authenticationStepResultDetail"":""MFA requirement satisfied by claim in the token"",""authenticationStepRequirement"":""""}]",,,"[{""key"":""Legacy TLS (TLS 1.0, 1.1, 3DES)"",""value"":""False""},{""key"":""Is Legacy Store Used"",""value"":""False""},{""key"":""Is CAE Token"",""value"":""False""}]",multiFactorAuthentication,"[{""requirementProvider"":""securityDefaults"",""detail"":""Security Defaults""}]",Browser,"[{""id"":""SecurityDefaults"",""displayName"":""Security Defaults"",""enforcedGrantControls"":[""Mfa""],""result"":""success"",""conditionsSatisfied"":3,""conditionsNotSatisfied"":0}]",notApplied,"6/15/2026, 12:39:59.323 PM","{""deviceId"":"""",""operatingSystem"":""Windows10"",""browser"":""Firefox 151.0"",""isCompliant"":false,""isManaged"":false}",true,cd90e1fa-2b3c-4de5-678f-90a123b45c67,,"{""city"":""Seattle"",""state"":""Washington"",""countryOrRegion"":""US"",""geoCoordinates"":{""latitude"":47.6062095,""longitude"":-122.3320708}}",,,cd90e1fa-2b3c-4de5-678f-90a123b45c67,134,hidden,[],[],hidden,hidden,none,Windows Azure Active Directory,00000002-0000-0000-c000-000000000000,34ab56c7-890d-1ef2-ab3c-45d67efa8b9c,3a45b678-90c1-23de-fab4-56789012c345,Microsoft 365 Security and Compliance Center,"{""errorCode"":0,""additionalDetails"":""MFA requirement satisfied by claim in the token""}",,AzureAD,Mozilla/5.0 (Windows NT 10.0; Win64; x64; rv:151.0) Gecko/20100101 Firefox/151.0,Isaac Dunham,a12bc345-6d7e-89f0-gh1i-23j456kl78m7,isaacdunham@corp.local,a1b2c345-1a2b-1234-123a-123abcd12345,Member,,,,,a1b2c345-1a2b-1234-123a-123abcd12345,a1b2c345-1a2b-1234-123a-123abcd12345,noNO23pq4r5PQsR6StTuUV,567ab890-1234-c567-defa-8b90cdefa1b2,[],7922,none,none,,,none,,,,none,false,false,none,"{""signInSessionStatus"":""unbound"",""signInSessionStatusCode"":1002}",d8efab90-c12d-3e4f-56a7-8b901c23456d,d8efab90-c12d-3e4f-56a7-8b901c23456d,"{""agentType"":""notAgentic"",""agentSubjectType"":""notAgentic""}",,"[""00000002-0000-0ff1-ce00-000000000000"",""00000003-0000-0ff1-ce00-000000000000""]",,,,SigninLogs
"6/15/2026, 12:46:09.981 PM",192.168.1.1,1234abcd-a123-2a12-a1b2-1a12345678b1,Azure AD,/tenants/a1b2c345-1a2b-1234-123a-123abcd12345/providers/Microsoft.aadiam,Sign-in activity,1.0,SignInLogs,0,SUCCESS,,0,012fab3c-d456-78ef-ab90-1c2d3e4f567a,Microsoft.aadiam,Microsoft.aadiam,,Isaac Dunham,,US,,Microsoft Teams Web Client,5e3ce6c0-2b1f-4285-8d4b-75ee78787346,[],"[{""authenticationStepDateTime"":""2026-06-15T12:40:30.5459708+00:00"",""authenticationMethod"":""Previously satisfied"",""succeeded"":true,""authenticationStepResultDetail"":""First factor requirement satisfied by claim in the token"",""authenticationStepRequirement"":"""",""StatusSequence"":0,""RequestSequence"":0},{""authenticationStepDateTime"":""2026-06-15T12:40:30.5459708+00:00"",""authenticationMethod"":""Previously satisfied"",""authenticationMethodDetail"":"""",""succeeded"":true,""authenticationStepResultDetail"":""MFA requirement satisfied by claim in the token"",""authenticationStepRequirement"":""""}]",,,"[{""key"":""Legacy TLS (TLS 1.0, 1.1, 3DES)"",""value"":""False""},{""key"":""Is Legacy Store Used"",""value"":""False""},{""key"":""Is CAE Token"",""value"":""False""}]",multiFactorAuthentication,"[{""requirementProvider"":""securityDefaults"",""detail"":""Security Defaults""}]",Browser,"[{""id"":""SecurityDefaults"",""displayName"":""Security Defaults"",""enforcedGrantControls"":[""Mfa""],""result"":""success"",""conditionsSatisfied"":3,""conditionsNotSatisfied"":0}]",notApplied,"6/15/2026, 12:40:30.545 PM","{""deviceId"":"""",""operatingSystem"":""Windows10"",""browser"":""Firefox 151.0"",""isCompliant"":false,""isManaged"":false}",true,456fa7bc-8d90-12e3-45f6-7890a123b456,,"{""city"":""Seattle"",""state"":""Washington"",""countryOrRegion"":""US"",""geoCoordinates"":{""latitude"":47.6062095,""longitude"":-122.3320708}}",,,456fa7bc-8d90-12e3-45f6-7890a123b456,92,hidden,[],[],hidden,hidden,none,Microsoft Graph,00000003-0000-0000-c000-000000000000,7e8fa90b-12cd-34ef-ab56-7c8d90ef1234,00000000-0000-0000-0000-000000000000,Microsoft Teams Web Client,"{""errorCode"":0,""additionalDetails"":""MFA requirement satisfied by claim in the token""}",,AzureAD,Mozilla/5.0 (Windows NT 10.0; Win64; x64; rv:151.0) Gecko/20100101 Firefox/151.0,Isaac Dunham,a12bc345-6d7e-89f0-gh1i-23j456kl78m7,isaacdunham@corp.local,a1b2c345-1a2b-1234-123a-123abcd12345,Member,,,,,a1b2c345-1a2b-1234-123a-123abcd12345,a1b2c345-1a2b-1234-123a-123abcd12345,uvUwVxyzaWbX7YZAcBdCDE,567ab890-1234-c567-defa-8b90cdefa1b2,[],7922,none,none,,,none,,,,none,false,false,none,"{""signInSessionStatus"":""unbound"",""signInSessionStatusCode"":1002}",d8efab90-c12d-3e4f-56a7-8b901c23456d,d8efab90-c12d-3e4f-56a7-8b901c23456d,"{""agentType"":""notAgentic"",""agentSubjectType"":""notAgentic""}",,"[""00000002-0000-0ff1-ce00-000000000000"",""00000003-0000-0ff1-ce00-000000000000"",""00000004-0000-0ff1-ce00-000000000000"",""cd12ef34-5a6b-7890-c12d-34e5f67a8bcd"",""34567a89-0123-45b6-c7d8-e901fa23bc4d"",""4d5e6f7a-8bc9-0def-1a23-4567b89c01de"",""00000002-0000-0000-c000-000000000000""]",,,,SigninLogs
"6/15/2026, 3:54:19.200 PM",10.0.0.1,1234abcd-a123-2a12-a1b2-1a12345678b1,Azure AD,/tenants/a1b2c345-1a2b-1234-123a-123abcd12345/providers/Microsoft.aadiam,Sign-in activity,1.0,SignInLogs,0,SUCCESS,,0,56ab78c9-012d-3efa-bcd4-5efa6b789cd0,Microsoft.aadiam,Microsoft.aadiam,,Isaac Dunham,,US,,Microsoft Authentication Broker,29d9ed98-a469-4536-ade2-f981bc1d605e,[],"[{""authenticationStepDateTime"":""2026-06-15T15:50:21.6049026+00:00"",""authenticationMethod"":""Previously satisfied"",""authenticationMethodDetail"":"""",""succeeded"":true,""authenticationStepResultDetail"":""MFA requirement satisfied by claim in the token"",""authenticationStepRequirement"":""""}]",,,"[{""key"":""Legacy TLS (TLS 1.0, 1.1, 3DES)"",""value"":""False""},{""key"":""Oauth Scope Info"",""value"":""[\""email\"",\""openid\"",\""profile\"",\""User.Read\"",\""User.ReadWrite\""]""},{""key"":""Is Legacy Store Used"",""value"":""False""},{""key"":""Is CAE Token"",""value"":""False""}]",multiFactorAuthentication,"[{""requirementProvider"":""securityDefaults"",""detail"":""Security Defaults""}]",Mobile Apps and Desktop clients,"[{""id"":""SecurityDefaults"",""displayName"":""Security Defaults"",""enforcedGrantControls"":[""Mfa""],""result"":""success"",""conditionsSatisfied"":3,""conditionsNotSatisfied"":0}]",notApplied,"6/15/2026, 3:50:21.604 PM","{""deviceId"":"""",""operatingSystem"":""Windows10"",""browser"":""Edge 135.0.3179"",""isCompliant"":false,""isManaged"":false}",true,34567890-ab1c-23de-456f-abc7d8e90123,,"{""city"":""Pyongyang"",""state"":""North Korea"",""countryOrRegion"":""KP"",""geoCoordinates"":{""latitude"":39.0392193,""longitude"":125.7625241}}",,,34567890-ab1c-23de-456f-abc7d8e90123,322,hidden,[],[],hidden,hidden,none,Microsoft Graph,00000003-0000-0000-c000-000000000000,7e8fa90b-12cd-34ef-ab56-7c8d90ef1234,00000000-0000-0000-0000-000000000000,Microsoft Authentication Broker,"{""errorCode"":0,""additionalDetails"":""MFA requirement satisfied by claim in the token""}",,AzureAD,"Mozilla/5.0 (Windows NT 10.0; Win64; x64) AppleWebKit/537.36 (KHTML, like Gecko) Chrome/135.0.0.0 Safari/537.36 Edg/135.0.3179.85",Isaac Dunham,a12bc345-6d7e-89f0-gh1i-23j456kl78m7,isaacdunham@corp.local,a1b2c345-1a2b-1234-123a-123abcd12345,Member,,,,,a1b2c345-1a2b-1234-123a-123abcd12345,a1b2c345-1a2b-1234-123a-123abcd12345,VWXYZAv0wxyBC-_zabcDEF,123ab4cd-efgh-5i67-8j90-k1l2mno34p56,[],136787,none,none,,,none,,,,none,false,false,deviceCodeFlow,"{""signInSessionStatus"":""none"",""signInSessionStatusCode"":1002}",d8efab90-c12d-3e4f-56a7-8b901c23456d,d8efab90-c12d-3e4f-56a7-8b901c23456d,"{""agentType"":""notAgentic"",""agentSubjectType"":""notAgentic""}",,"[""00000002-0000-0000-c000-000000000000""]",,,,SigninLogs
"6/15/2026, 3:55:25.635 PM",10.0.0.1,1234abcd-a123-2a12-a1b2-1a12345678b1,Azure AD,/tenants/a1b2c345-1a2b-1234-123a-123abcd12345/providers/Microsoft.aadiam,Sign-in activity,1.0,SignInLogs,0,SUCCESS,,0,12c34567-d8e9-012f-a3bc-4d5678e90123,Microsoft.aadiam,Microsoft.aadiam,,Isaac Dunham,,US,,OfficeHome,4765445b-32c6-49b0-83e6-1d93765276ca,[],"[{""authenticationStepDateTime"":""2026-06-15T15:51:43.6683353+00:00"",""authenticationMethod"":""Previously satisfied"",""succeeded"":true,""authenticationStepResultDetail"":""First factor requirement satisfied by claim in the token"",""authenticationStepRequirement"":"""",""StatusSequence"":0,""RequestSequence"":0},{""authenticationStepDateTime"":""2026-06-15T15:51:43.6683353+00:00"",""authenticationMethod"":""Previously satisfied"",""authenticationMethodDetail"":"""",""succeeded"":true,""authenticationStepResultDetail"":""MFA requirement satisfied by claim in the token"",""authenticationStepRequirement"":""""}]",,,"[{""key"":""Legacy TLS (TLS 1.0, 1.1, 3DES)"",""value"":""False""},{""key"":""Token Binding Attempted"",""value"":""True""},{""key"":""Root Key Type"",""value"":""SessionKey""},{""key"":""Is Legacy Store Used"",""value"":""False""},{""key"":""Is CAE Token"",""value"":""False""}]",multiFactorAuthentication,"[{""requirementProvider"":""securityDefaults"",""detail"":""Security Defaults""}]",Browser,"[{""id"":""SecurityDefaults"",""displayName"":""Security Defaults"",""enforcedGrantControls"":[""Mfa""],""result"":""success"",""conditionsSatisfied"":3,""conditionsNotSatisfied"":0}]",notApplied,"6/15/2026, 3:51:43.668 PM","{""deviceId"":""5e67fab8-c901-2d3e-4f5a-678b9012c345"",""operatingSystem"":""Windows10"",""browser"":""Chrome 149.0.0"",""isCompliant"":false,""isManaged"":false,""displayName"":""DESKTOP-A1BC2D3E"",""trustType"":""Azure AD joined""}",true,b01234c5-def6-7ab8-90cd-ef1a234b5c67,,"{""city"":""Pyongyang"",""state"":""North Korea"",""countryOrRegion"":""KP"",""geoCoordinates"":{""latitude"":39.0392193,""longitude"":125.7625241}}",,,b01234c5-def6-7ab8-90cd-ef1a234b5c67,178,hidden,[],[],hidden,hidden,none,OfficeHome,1234567a-89b0-12c3-45d6-7e89012345fa,,00000000-0000-0000-0000-000000000000,OfficeHome,"{""errorCode"":0,""additionalDetails"":""MFA requirement satisfied by claim in the token""}",,AzureAD,"Mozilla/5.0 (Windows NT 10.0; Win64; x64) AppleWebKit/537.36 (KHTML, like Gecko) Chrome/149.0.0.0 Safari/537.36",Isaac Dunham,a12bc345-6d7e-89f0-gh1i-23j456kl78m7,isaacdunham@corp.local,a1b2c345-1a2b-1234-123a-123abcd12345,Member,,,,,a1b2c345-1a2b-1234-123a-123abcd12345,a1b2c345-1a2b-1234-123a-123abcd12345,4ZA5z_BC6abDc-dEFG7eHI,123ab4cd-efgh-5i67-8j90-k1l2mno34p56,[],136787,none,none,,,none,,,,primaryRefreshToken,false,false,deviceCodeFlow,"{""signInSessionStatus"":""unbound"",""signInSessionStatusCode"":1003}",d8efab90-c12d-3e4f-56a7-8b901c23456d,,"{""agentType"":""notAgentic"",""agentSubjectType"":""notAgentic""}",,"[""1234567a-89b0-12c3-45d6-7e89012345fa"",""00000002-0000-0000-c000-000000000000""]",,,,SigninLogs
"6/15/2026, 3:55:25.636 PM",10.0.0.1,1234abcd-a123-2a12-a1b2-1a12345678b1,Azure AD,/tenants/a1b2c345-1a2b-1234-123a-123abcd12345/providers/Microsoft.aadiam,Sign-in activity,1.0,SignInLogs,0,SUCCESS,,0,f8ab9c01-2d34-56e7-8f90-a1b2cd3456ef,Microsoft.aadiam,Microsoft.aadiam,,Isaac Dunham,,US,,OfficeHome,4765445b-32c6-49b0-83e6-1d93765276ca,[],"[{""authenticationStepDateTime"":""2026-06-15T15:51:47.8261602+00:00"",""authenticationMethod"":""Previously satisfied"",""succeeded"":true,""authenticationStepResultDetail"":""First factor requirement satisfied by claim in the token"",""authenticationStepRequirement"":"""",""StatusSequence"":0,""RequestSequence"":0},{""authenticationStepDateTime"":""2026-06-15T15:51:47.8261602+00:00"",""authenticationMethod"":""Previously satisfied"",""authenticationMethodDetail"":"""",""succeeded"":true,""authenticationStepResultDetail"":""MFA requirement satisfied by claim in the token"",""authenticationStepRequirement"":""""}]",,,"[{""key"":""Legacy TLS (TLS 1.0, 1.1, 3DES)"",""value"":""False""},{""key"":""Token Binding Attempted"",""value"":""True""},{""key"":""Root Key Type"",""value"":""SessionKey""},{""key"":""Is Legacy Store Used"",""value"":""False""},{""key"":""Is CAE Token"",""value"":""False""}]",multiFactorAuthentication,"[{""requirementProvider"":""securityDefaults"",""detail"":""Security Defaults""}]",Browser,"[{""id"":""SecurityDefaults"",""displayName"":""Security Defaults"",""enforcedGrantControls"":[""Mfa""],""result"":""success"",""conditionsSatisfied"":3,""conditionsNotSatisfied"":0}]",notApplied,"6/15/2026, 3:51:47.826 PM","{""deviceId"":""5e67fab8-c901-2d3e-4f5a-678b9012c345"",""operatingSystem"":""Windows10"",""browser"":""Chrome 149.0.0"",""isCompliant"":false,""isManaged"":false,""displayName"":""DESKTOP-A1BC2D3E"",""trustType"":""Azure AD joined""}",true,c12345d6-efa7-8bc9-01de-fa2bcd3e4f56,,"{""city"":""Pyongyang"",""state"":""North Korea"",""countryOrRegion"":""KP"",""geoCoordinates"":{""latitude"":39.0392193,""longitude"":125.7625241}}",,,c12345d6-efa7-8bc9-01de-fa2bcd3e4f56,114,hidden,[],[],hidden,hidden,none,OfficeHome,1234567a-89b0-12c3-45d6-7e89012345fa,,00000000-0000-0000-0000-000000000000,OfficeHome,"{""errorCode"":0,""additionalDetails"":""MFA requirement satisfied by claim in the token""}",,AzureAD,"Mozilla/5.0 (Windows NT 10.0; Win64; x64) AppleWebKit/537.36 (KHTML, like Gecko) Chrome/149.0.0.0 Safari/537.36",Isaac Dunham,a12bc345-6d7e-89f0-gh1i-23j456kl78m7,isaacdunham@corp.local,a1b2c345-1a2b-1234-123a-123abcd12345,Member,,,,,a1b2c345-1a2b-1234-123a-123abcd12345,a1b2c345-1a2b-1234-123a-123abcd12345,5AB6a_CD7bcEd-eFfG8gHI,123ab4cd-efgh-5i67-8j90-k1l2mno34p56,[],136787,none,none,,,none,,,,primaryRefreshToken,false,false,deviceCodeFlow,"{""signInSessionStatus"":""unbound"",""signInSessionStatusCode"":1003}",d8efab90-c12d-3e4f-56a7-8b901c23456d,,"{""agentType"":""notAgentic"",""agentSubjectType"":""notAgentic""}",,"[""1234567a-89b0-12c3-45d6-7e89012345fa"",""00000002-0000-0000-c000-000000000000""]",,,,SigninLogs
"6/15/2026, 3:59:54.534 PM",10.0.0.1,1234abcd-a123-2a12-a1b2-1a12345678b1,Azure AD,/tenants/a1b2c345-1a2b-1234-123a-123abcd12345/providers/Microsoft.aadiam,Sign-in activity,1.0,SignInLogs,0,SUCCESS,,0,56ab78c9-012d-3efa-bcd4-5efa6b789cd0,Microsoft.aadiam,Microsoft.aadiam,,Isaac Dunham,,US,,Microsoft Authentication Broker,29d9ed98-a469-4536-ade2-f981bc1d605e,[],"[{""authenticationStepDateTime"":""2026-06-15T15:50:21.6049026+00:00"",""authenticationMethod"":""Previously satisfied"",""authenticationMethodDetail"":"""",""succeeded"":true,""authenticationStepResultDetail"":""MFA requirement satisfied by claim in the token"",""authenticationStepRequirement"":""""}]",,,"[{""key"":""Legacy TLS (TLS 1.0, 1.1, 3DES)"",""value"":""False""},{""key"":""Oauth Scope Info"",""value"":""[\""email\"",\""openid\"",\""profile\"",\""User.Read\"",\""User.ReadWrite\""]""},{""key"":""Is Legacy Store Used"",""value"":""False""},{""key"":""Is CAE Token"",""value"":""False""}]",multiFactorAuthentication,"[{""requirementProvider"":""securityDefaults"",""detail"":""Security Defaults""}]",Mobile Apps and Desktop clients,"[{""id"":""SecurityDefaults"",""displayName"":""Security Defaults"",""enforcedGrantControls"":[""Mfa""],""result"":""success"",""conditionsSatisfied"":3,""conditionsNotSatisfied"":0}]",notApplied,"6/15/2026, 3:50:21.604 PM","{""deviceId"":"""",""operatingSystem"":""Windows10"",""browser"":""Edge 135.0.3179"",""isCompliant"":false,""isManaged"":false}",true,34567890-ab1c-23de-456f-abc7d8e90123,,"{""city"":""Pyongyang"",""state"":""North Korea"",""countryOrRegion"":""KP"",""geoCoordinates"":{""latitude"":39.0392193,""longitude"":125.7625241}}",,,34567890-ab1c-23de-456f-abc7d8e90123,322,hidden,"[""anonymizedIPAddress""]","[""anonymizedIPAddress""]",hidden,hidden,remediated,Microsoft Graph,00000003-0000-0000-c000-000000000000,7e8fa90b-12cd-34ef-ab56-7c8d90ef1234,00000000-0000-0000-0000-000000000000,Microsoft Authentication Broker,"{""errorCode"":0,""additionalDetails"":""MFA requirement satisfied by claim in the token""}",,AzureAD,"Mozilla/5.0 (Windows NT 10.0; Win64; x64) AppleWebKit/537.36 (KHTML, like Gecko) Chrome/135.0.0.0 Safari/537.36 Edg/135.0.3179.85",Isaac Dunham,a12bc345-6d7e-89f0-gh1i-23j456kl78m7,isaacdunham@corp.local,a1b2c345-1a2b-1234-123a-123abcd12345,Member,,,,0,a1b2c345-1a2b-1234-123a-123abcd12345,a1b2c345-1a2b-1234-123a-123abcd12345,VWXYZAv0wxyBC-_zabcDEF,123ab4cd-efgh-5i67-8j90-k1l2mno34p56,[],136787,none,none,,,none,,,,none,false,false,none,"{""signInSessionStatus"":""none"",""signInSessionStatusCode"":1002}",d8efab90-c12d-3e4f-56a7-8b901c23456d,d8efab90-c12d-3e4f-56a7-8b901c23456d,"{""agentType"":""notAgentic"",""agentSubjectType"":""notAgentic""}",,"[""00000002-0000-0000-c000-000000000000""]",,,,SigninLogs
"6/15/2026, 3:59:56.364 PM",10.0.0.1,1234abcd-a123-2a12-a1b2-1a12345678b1,Azure AD,/tenants/a1b2c345-1a2b-1234-123a-123abcd12345/providers/Microsoft.aadiam,Sign-in activity,1.0,SignInLogs,0,SUCCESS,,0,56ab78c9-012d-3efa-bcd4-5efa6b789cd0,Microsoft.aadiam,Microsoft.aadiam,,Isaac Dunham,,US,,Microsoft Authentication Broker,29d9ed98-a469-4536-ade2-f981bc1d605e,[],"[{""authenticationStepDateTime"":""2026-06-15T15:50:21.6049026+00:00"",""authenticationMethod"":""Previously satisfied"",""authenticationMethodDetail"":"""",""succeeded"":true,""authenticationStepResultDetail"":""MFA requirement satisfied by claim in the token"",""authenticationStepRequirement"":""""}]",,,"[{""key"":""Legacy TLS (TLS 1.0, 1.1, 3DES)"",""value"":""False""},{""key"":""Oauth Scope Info"",""value"":""[\""email\"",\""openid\"",\""profile\"",\""User.Read\"",\""User.ReadWrite\""]""},{""key"":""Is Legacy Store Used"",""value"":""False""},{""key"":""Is CAE Token"",""value"":""False""}]",multiFactorAuthentication,"[{""requirementProvider"":""securityDefaults"",""detail"":""Security Defaults""}]",Mobile Apps and Desktop clients,"[{""id"":""SecurityDefaults"",""displayName"":""Security Defaults"",""enforcedGrantControls"":[""Mfa""],""result"":""success"",""conditionsSatisfied"":3,""conditionsNotSatisfied"":0}]",notApplied,"6/15/2026, 3:50:21.604 PM","{""deviceId"":"""",""operatingSystem"":""Windows10"",""browser"":""Edge 135.0.3179"",""isCompliant"":false,""isManaged"":false}",true,34567890-ab1c-23de-456f-abc7d8e90123,,"{""city"":""Pyongyang"",""state"":""North Korea"",""countryOrRegion"":""KP"",""geoCoordinates"":{""latitude"":39.0392193,""longitude"":125.7625241}}",,,34567890-ab1c-23de-456f-abc7d8e90123,322,hidden,"[""anonymizedIPAddress""]","[""anonymizedIPAddress""]",hidden,hidden,remediated,Microsoft Graph,00000003-0000-0000-c000-000000000000,7e8fa90b-12cd-34ef-ab56-7c8d90ef1234,00000000-0000-0000-0000-000000000000,Microsoft Authentication Broker,"{""errorCode"":0,""additionalDetails"":""MFA requirement satisfied by claim in the token""}",,AzureAD,"Mozilla/5.0 (Windows NT 10.0; Win64; x64) AppleWebKit/537.36 (KHTML, like Gecko) Chrome/135.0.0.0 Safari/537.36 Edg/135.0.3179.85",Isaac Dunham,a12bc345-6d7e-89f0-gh1i-23j456kl78m7,isaacdunham@corp.local,a1b2c345-1a2b-1234-123a-123abcd12345,Member,,,,0,a1b2c345-1a2b-1234-123a-123abcd12345,a1b2c345-1a2b-1234-123a-123abcd12345,VWXYZAv0wxyBC-_zabcDEF,123ab4cd-efgh-5i67-8j90-k1l2mno34p56,[],136787,none,none,,,none,,,,none,false,false,none,"{""signInSessionStatus"":""none"",""signInSessionStatusCode"":1002}",d8efab90-c12d-3e4f-56a7-8b901c23456d,d8efab90-c12d-3e4f-56a7-8b901c23456d,"{""agentType"":""notAgentic"",""agentSubjectType"":""notAgentic""}",,"[""00000002-0000-0000-c000-000000000000""]",,,,SigninLogs
"6/15/2026, 4:14:23.655 PM",10.0.0.1,1234abcd-a123-2a12-a1b2-1a12345678b1,Azure AD,/tenants/a1b2c345-1a2b-1234-123a-123abcd12345/providers/Microsoft.aadiam,Sign-in activity,1.0,SignInLogs,0,SUCCESS,,0,8bcde9fa-b01c-d23e-45fa-6b7c8901d234,Microsoft.aadiam,Microsoft.aadiam,,Isaac Dunham,,US,,One Outlook Web,9199bf20-a13f-4107-85dc-02114787ef48,[],"[{""authenticationStepDateTime"":""2026-06-15T15:51:59.5484707+00:00"",""authenticationMethod"":""Previously satisfied"",""succeeded"":true,""authenticationStepResultDetail"":""First factor requirement satisfied by claim in the token"",""authenticationStepRequirement"":"""",""StatusSequence"":0,""RequestSequence"":0},{""authenticationStepDateTime"":""2026-06-15T15:51:59.5484707+00:00"",""authenticationMethod"":""Previously satisfied"",""authenticationMethodDetail"":"""",""succeeded"":true,""authenticationStepResultDetail"":""MFA requirement satisfied by claim in the token"",""authenticationStepRequirement"":""""}]",,,"[{""key"":""Login Hint Present"",""value"":""True""},{""key"":""Legacy TLS (TLS 1.0, 1.1, 3DES)"",""value"":""False""},{""key"":""Token Binding Attempted"",""value"":""True""},{""key"":""Root Key Type"",""value"":""SessionKey""},{""key"":""Is Legacy Store Used"",""value"":""False""},{""key"":""Is CAE Token"",""value"":""False""}]",multiFactorAuthentication,"[{""requirementProvider"":""securityDefaults"",""detail"":""Security Defaults""}]",Browser,"[{""id"":""SecurityDefaults"",""displayName"":""Security Defaults"",""enforcedGrantControls"":[""Mfa""],""result"":""success"",""conditionsSatisfied"":3,""conditionsNotSatisfied"":0}]",notApplied,"6/15/2026, 3:51:59.548 PM","{""deviceId"":""5e67fab8-c901-2d3e-4f5a-678b9012c345"",""operatingSystem"":""Windows10"",""browser"":""Chrome 149.0.0"",""isCompliant"":false,""isManaged"":false,""displayName"":""DESKTOP-A1BC2D3E"",""trustType"":""Azure AD joined""}",true,4567f890-12a3-4b56-c789-d01ef23a4567,,"{""city"":""Pyongyang"",""state"":""North Korea"",""countryOrRegion"":""KP"",""geoCoordinates"":{""latitude"":39.0392193,""longitude"":125.7625241}}",,,4567f890-12a3-4b56-c789-d01ef23a4567,121,hidden,[],[],hidden,hidden,none,Office 365 Exchange Online,00000002-0000-0ff1-ce00-000000000000,e9fab012-34cd-56e7-8f9a-01b234cde567,00000000-0000-0000-0000-000000000000,One Outlook Web,"{""errorCode"":0,""additionalDetails"":""MFA requirement satisfied by claim in the token""}",,AzureAD,"Mozilla/5.0 (Windows NT 10.0; Win64; x64) AppleWebKit/537.36 (KHTML, like Gecko) Chrome/149.0.0.0 Safari/537.36",Isaac Dunham,a12bc345-6d7e-89f0-gh1i-23j456kl78m7,isaacdunham@corp.local,a1b2c345-1a2b-1234-123a-123abcd12345,Member,,,,,a1b2c345-1a2b-1234-123a-123abcd12345,a1b2c345-1a2b-1234-123a-123abcd12345,AaBCD1bEFG-cH2Ide34fJK,123ab4cd-efgh-5i67-8j90-k1l2mno34p56,[],136787,none,none,,,none,,,,primaryRefreshToken,false,false,deviceCodeFlow,"{""signInSessionStatus"":""unbound"",""signInSessionStatusCode"":1003}",d8efab90-c12d-3e4f-56a7-8b901c23456d,d8efab90-c12d-3e4f-56a7-8b901c23456d,"{""agentType"":""notAgentic"",""agentSubjectType"":""notAgentic""}",,"[""00000002-0000-0ff1-ce00-000000000000""]",,,,SigninLogs
"6/15/2026, 4:16:18.992 PM",10.0.0.1,1234abcd-a123-2a12-a1b2-1a12345678b1,Azure AD,/tenants/a1b2c345-1a2b-1234-123a-123abcd12345/providers/Microsoft.aadiam,Sign-in activity,1.0,SignInLogs,50199,FAILURE,"For security reasons, user confirmation is required for this request. Please repeat the request allowing user interaction.",0,56ab78c9-012d-3efa-bcd4-5efa6b789cd0,Microsoft.aadiam,Microsoft.aadiam,,Isaac Dunham,,US,,Microsoft Authentication Broker,29d9ed98-a469-4536-ade2-f981bc1d605e,[],"[{""authenticationStepDateTime"":""2026-06-15T15:50:10.1817156+00:00"",""authenticationMethod"":""Previously satisfied"",""succeeded"":true,""authenticationStepResultDetail"":""First factor requirement satisfied by claim in the token"",""authenticationStepRequirement"":"""",""StatusSequence"":0,""RequestSequence"":0},{""authenticationStepDateTime"":""2026-06-15T15:50:10.1817156+00:00"",""authenticationMethod"":""Previously satisfied"",""authenticationMethodDetail"":"""",""succeeded"":true,""authenticationStepResultDetail"":""MFA requirement satisfied by claim in the token"",""authenticationStepRequirement"":""""}]",,,"[{""key"":""Legacy TLS (TLS 1.0, 1.1, 3DES)"",""value"":""False""},{""key"":""Is Legacy Store Used"",""value"":""False""},{""key"":""Is CAE Token"",""value"":""False""}]",multiFactorAuthentication,"[{""requirementProvider"":""securityDefaults"",""detail"":""Security Defaults""}]",Mobile Apps and Desktop clients,"[{""id"":""SecurityDefaults"",""displayName"":""Security Defaults"",""enforcedGrantControls"":[""Mfa""],""result"":""success"",""conditionsSatisfied"":3,""conditionsNotSatisfied"":0}]",notApplied,"6/15/2026, 3:50:10.181 PM","{""deviceId"":"""",""operatingSystem"":""Windows10"",""browser"":""Firefox 151.0"",""isCompliant"":false,""isManaged"":false}",true,678f9012-34a5-6b78-9c01-2d3e4f567890,,"{""city"":""Pyongyang"",""state"":""North Korea"",""countryOrRegion"":""KP"",""geoCoordinates"":{""latitude"":39.0392193,""longitude"":125.7625241}}",,,678f9012-34a5-6b78-9c01-2d3e4f567890,169,hidden,[],[],hidden,hidden,none,Microsoft Graph,00000003-0000-0000-c000-000000000000,7e8fa90b-12cd-34ef-ab56-7c8d90ef1234,00000000-0000-0000-0000-000000000000,Microsoft Authentication Broker,"{""errorCode"":50199,""failureReason"":""For security reasons, user confirmation is required for this request. Please repeat the request allowing user interaction."",""additionalDetails"":""MFA requirement satisfied by claim in the token""}",,AzureAD,Mozilla/5.0 (Windows NT 10.0; Win64; x64; rv:151.0) Gecko/20100101 Firefox/151.0,Isaac Dunham,a12bc345-6d7e-89f0-gh1i-23j456kl78m7,isaacdunham@corp.local,a1b2c345-1a2b-1234-123a-123abcd12345,Member,,,,,a1b2c345-1a2b-1234-123a-123abcd12345,a1b2c345-1a2b-1234-123a-123abcd12345,OPQRSTUoVpqWXYrsZABCDE,567ab890-1234-c567-defa-8b90cdefa1b2,[],136787,none,none,,,none,,,,none,false,false,deviceCodeFlow,"{""signInSessionStatus"":""unbound"",""signInSessionStatusCode"":1002}",d8efab90-c12d-3e4f-56a7-8b901c23456d,d8efab90-c12d-3e4f-56a7-8b901c23456d,"{""agentType"":""notAgentic"",""agentSubjectType"":""notAgentic""}",,"[""00000002-0000-0000-c000-000000000000""]",,,,SigninLogs
"6/15/2026, 4:16:45.547 PM",10.0.0.1,1234abcd-a123-2a12-a1b2-1a12345678b1,Azure AD,/tenants/a1b2c345-1a2b-1234-123a-123abcd12345/providers/Microsoft.aadiam,Sign-in activity,1.0,SignInLogs,0,SUCCESS,,0,56ab78c9-012d-3efa-bcd4-5efa6b789cd0,Microsoft.aadiam,Microsoft.aadiam,,Isaac Dunham,,US,,Microsoft Authentication Broker,29d9ed98-a469-4536-ade2-f981bc1d605e,[],"[{""authenticationStepDateTime"":""2026-06-15T15:50:16.1377566+00:00"",""authenticationMethod"":""Previously satisfied"",""authenticationMethodDetail"":"""",""succeeded"":true,""authenticationStepResultDetail"":""MFA requirement satisfied by claim in the token"",""authenticationStepRequirement"":""""}]",,,"[{""key"":""Legacy TLS (TLS 1.0, 1.1, 3DES)"",""value"":""False""},{""key"":""Is Legacy Store Used"",""value"":""False""},{""key"":""Is CAE Token"",""value"":""False""}]",multiFactorAuthentication,"[{""requirementProvider"":""securityDefaults"",""detail"":""Security Defaults""}]",Mobile Apps and Desktop clients,"[{""id"":""SecurityDefaults"",""displayName"":""Security Defaults"",""enforcedGrantControls"":[""Mfa""],""result"":""success"",""conditionsSatisfied"":3,""conditionsNotSatisfied"":0}]",notApplied,"6/15/2026, 3:50:16.137 PM","{""deviceId"":"""",""operatingSystem"":""Windows10"",""browser"":""Firefox 151.0"",""isCompliant"":false,""isManaged"":false}",true,45678901-2345-67de-890f-1234a5b67890,,"{""city"":""Pyongyang"",""state"":""North Korea"",""countryOrRegion"":""KP"",""geoCoordinates"":{""latitude"":39.0392193,""longitude"":125.7625241}}",,,45678901-2345-67de-890f-1234a5b67890,1269,hidden,[],[],hidden,hidden,none,Microsoft Graph,00000003-0000-0000-c000-000000000000,7e8fa90b-12cd-34ef-ab56-7c8d90ef1234,00000000-0000-0000-0000-000000000000,Microsoft Authentication Broker,"{""errorCode"":0,""additionalDetails"":""MFA requirement satisfied by claim in the token""}",,AzureAD,Mozilla/5.0 (Windows NT 10.0; Win64; x64; rv:151.0) Gecko/20100101 Firefox/151.0,Isaac Dunham,a12bc345-6d7e-89f0-gh1i-23j456kl78m7,isaacdunham@corp.local,a1b2c345-1a2b-1234-123a-123abcd12345,Member,,,,,a1b2c345-1a2b-1234-123a-123abcd12345,a1b2c345-1a2b-1234-123a-123abcd12345,IJKiLMNO_jkPQ9Rl-mSTUV,567ab890-1234-c567-defa-8b90cdefa1b2,[],136787,deviceCode,none,,,none,,,,none,false,false,deviceCodeFlow,"{""signInSessionStatus"":""none"",""signInSessionStatusCode"":1002}",d8efab90-c12d-3e4f-56a7-8b901c23456d,d8efab90-c12d-3e4f-56a7-8b901c23456d,"{""agentType"":""notAgentic"",""agentSubjectType"":""notAgentic""}",,"[""00000002-0000-0000-c000-000000000000""]",,,,SigninLogs
"6/15/2026, 4:22:36.607 PM",10.0.0.1,1234abcd-a123-2a12-a1b2-1a12345678b1,Azure AD,/tenants/a1b2c345-1a2b-1234-123a-123abcd12345/providers/Microsoft.aadiam,Sign-in activity,1.0,SignInLogs,0,SUCCESS,,0,56ab78c9-012d-3efa-bcd4-5efa6b789cd0,Microsoft.aadiam,Microsoft.aadiam,,Isaac Dunham,,US,,Microsoft Authentication Broker,29d9ed98-a469-4536-ade2-f981bc1d605e,[],"[{""authenticationStepDateTime"":""2026-06-15T15:50:16.1377566+00:00"",""authenticationMethod"":""Previously satisfied"",""authenticationMethodDetail"":"""",""succeeded"":true,""authenticationStepResultDetail"":""MFA requirement satisfied by claim in the token"",""authenticationStepRequirement"":""""}]",,,"[{""key"":""Legacy TLS (TLS 1.0, 1.1, 3DES)"",""value"":""False""},{""key"":""Is Legacy Store Used"",""value"":""False""},{""key"":""Is CAE Token"",""value"":""False""}]",multiFactorAuthentication,"[{""requirementProvider"":""securityDefaults"",""detail"":""Security Defaults""}]",Mobile Apps and Desktop clients,"[{""id"":""SecurityDefaults"",""displayName"":""Security Defaults"",""enforcedGrantControls"":[""Mfa""],""result"":""success"",""conditionsSatisfied"":3,""conditionsNotSatisfied"":0}]",notApplied,"6/15/2026, 3:50:16.137 PM","{""deviceId"":"""",""operatingSystem"":""Windows10"",""browser"":""Firefox 151.0"",""isCompliant"":false,""isManaged"":false}",true,45678901-2345-67de-890f-1234a5b67890,,"{""city"":""Pyongyang"",""state"":""North Korea"",""countryOrRegion"":""KP"",""geoCoordinates"":{""latitude"":39.0392193,""longitude"":125.7625241}}",,,45678901-2345-67de-890f-1234a5b67890,1269,hidden,"[""anonymizedIPAddress""]","[""anonymizedIPAddress""]",hidden,hidden,remediated,Microsoft Graph,00000003-0000-0000-c000-000000000000,7e8fa90b-12cd-34ef-ab56-7c8d90ef1234,00000000-0000-0000-0000-000000000000,Microsoft Authentication Broker,"{""errorCode"":0,""additionalDetails"":""MFA requirement satisfied by claim in the token""}",,AzureAD,Mozilla/5.0 (Windows NT 10.0; Win64; x64; rv:151.0) Gecko/20100101 Firefox/151.0,Isaac Dunham,a12bc345-6d7e-89f0-gh1i-23j456kl78m7,isaacdunham@corp.local,a1b2c345-1a2b-1234-123a-123abcd12345,Member,,,,0,a1b2c345-1a2b-1234-123a-123abcd12345,a1b2c345-1a2b-1234-123a-123abcd12345,IJKiLMNO_jkPQ9Rl-mSTUV,567ab890-1234-c567-defa-8b90cdefa1b2,[],136787,deviceCode,none,,,none,,,,none,false,false,none,"{""signInSessionStatus"":""none"",""signInSessionStatusCode"":1002}",d8efab90-c12d-3e4f-56a7-8b901c23456d,d8efab90-c12d-3e4f-56a7-8b901c23456d,"{""agentType"":""notAgentic"",""agentSubjectType"":""notAgentic""}",,"[""00000002-0000-0000-c000-000000000000""]",,,,SigninLogs
"6/15/2026, 4:22:41.296 PM",10.0.0.1,1234abcd-a123-2a12-a1b2-1a12345678b1,Azure AD,/tenants/a1b2c345-1a2b-1234-123a-123abcd12345/providers/Microsoft.aadiam,Sign-in activity,1.0,SignInLogs,0,SUCCESS,,0,56ab78c9-012d-3efa-bcd4-5efa6b789cd0,Microsoft.aadiam,Microsoft.aadiam,,Isaac Dunham,,US,,Microsoft Authentication Broker,29d9ed98-a469-4536-ade2-f981bc1d605e,[],"[{""authenticationStepDateTime"":""2026-06-15T15:50:16.1377566+00:00"",""authenticationMethod"":""Previously satisfied"",""authenticationMethodDetail"":"""",""succeeded"":true,""authenticationStepResultDetail"":""MFA requirement satisfied by claim in the token"",""authenticationStepRequirement"":""""}]",,,"[{""key"":""Legacy TLS (TLS 1.0, 1.1, 3DES)"",""value"":""False""},{""key"":""Is Legacy Store Used"",""value"":""False""},{""key"":""Is CAE Token"",""value"":""False""}]",multiFactorAuthentication,"[{""requirementProvider"":""securityDefaults"",""detail"":""Security Defaults""}]",Mobile Apps and Desktop clients,"[{""id"":""SecurityDefaults"",""displayName"":""Security Defaults"",""enforcedGrantControls"":[""Mfa""],""result"":""success"",""conditionsSatisfied"":3,""conditionsNotSatisfied"":0}]",notApplied,"6/15/2026, 3:50:16.137 PM","{""deviceId"":"""",""operatingSystem"":""Windows10"",""browser"":""Firefox 151.0"",""isCompliant"":false,""isManaged"":false}",true,45678901-2345-67de-890f-1234a5b67890,,"{""city"":""Pyongyang"",""state"":""North Korea"",""countryOrRegion"":""KP"",""geoCoordinates"":{""latitude"":39.0392193,""longitude"":125.7625241}}",,,45678901-2345-67de-890f-1234a5b67890,1269,hidden,"[""anonymizedIPAddress""]","[""anonymizedIPAddress""]",hidden,hidden,remediated,Microsoft Graph,00000003-0000-0000-c000-000000000000,7e8fa90b-12cd-34ef-ab56-7c8d90ef1234,00000000-0000-0000-0000-000000000000,Microsoft Authentication Broker,"{""errorCode"":0,""additionalDetails"":""MFA requirement satisfied by claim in the token""}",,AzureAD,Mozilla/5.0 (Windows NT 10.0; Win64; x64; rv:151.0) Gecko/20100101 Firefox/151.0,Isaac Dunham,a12bc345-6d7e-89f0-gh1i-23j456kl78m7,isaacdunham@corp.local,a1b2c345-1a2b-1234-123a-123abcd12345,Member,,,,0,a1b2c345-1a2b-1234-123a-123abcd12345,a1b2c345-1a2b-1234-123a-123abcd12345,IJKiLMNO_jkPQ9Rl-mSTUV,567ab890-1234-c567-defa-8b90cdefa1b2,[],136787,deviceCode,none,,,none,,,,none,false,false,none,"{""signInSessionStatus"":""none"",""signInSessionStatusCode"":1002}",d8efab90-c12d-3e4f-56a7-8b901c23456d,d8efab90-c12d-3e4f-56a7-8b901c23456d,"{""agentType"":""notAgentic"",""agentSubjectType"":""notAgentic""}",,"[""00000002-0000-0000-c000-000000000000""]",,,,SigninLogs
"6/15/2026, 4:30:03.626 PM",192.168.1.1,1234abcd-a123-2a12-a1b2-1a12345678b1,Azure AD,/tenants/a1b2c345-1a2b-1234-123a-123abcd12345/providers/Microsoft.aadiam,Sign-in activity,1.0,SignInLogs,0,SUCCESS,,0,345cde67-f8a9-0b1c-2345-d678901234e5,Microsoft.aadiam,Microsoft.aadiam,,Isaac Dunham,,US,,Azure Portal,c44b4083-3bb0-49c1-b47d-974e53cbdf3c,[],"[{""authenticationStepDateTime"":""2026-06-15T16:06:26.6421919+00:00"",""authenticationMethod"":""Previously satisfied"",""succeeded"":true,""authenticationStepResultDetail"":""First factor requirement satisfied by claim in the token"",""authenticationStepRequirement"":"""",""StatusSequence"":0,""RequestSequence"":0},{""authenticationStepDateTime"":""2026-06-15T16:06:26.6421919+00:00"",""authenticationMethod"":""Previously satisfied"",""authenticationMethodDetail"":"""",""succeeded"":true,""authenticationStepResultDetail"":""MFA requirement satisfied by claim in the token"",""authenticationStepRequirement"":""""}]",,,"[{""key"":""Legacy TLS (TLS 1.0, 1.1, 3DES)"",""value"":""False""},{""key"":""Is Legacy Store Used"",""value"":""False""},{""key"":""Is CAE Token"",""value"":""False""}]",multiFactorAuthentication,"[{""requirementProvider"":""securityDefaults"",""detail"":""Security Defaults""}]",Browser,"[{""id"":""SecurityDefaults"",""displayName"":""Security Defaults"",""enforcedGrantControls"":[""Mfa""],""result"":""success"",""conditionsSatisfied"":3,""conditionsNotSatisfied"":0}]",notApplied,"6/15/2026, 4:06:26.642 PM","{""deviceId"":"""",""operatingSystem"":""Windows10"",""browser"":""Firefox 151.0"",""isCompliant"":false,""isManaged"":false}",true,56a78bc9-de01-234f-5a67-b89cde0f1234,,"{""city"":""Seattle"",""state"":""Washington"",""countryOrRegion"":""US"",""geoCoordinates"":{""latitude"":47.6062095,""longitude"":-122.3320708}}",,,56a78bc9-de01-234f-5a67-b89cde0f1234,135,hidden,[],[],hidden,hidden,none,Azure Resource Manager,456f7890-ab12-3cd4-ef56-abc7d8e90123,c56d789e-0123-4fa5-67bc-8d901e23fa45,00000000-0000-0000-0000-000000000000,Azure Portal,"{""errorCode"":0,""additionalDetails"":""MFA requirement satisfied by claim in the token""}",,AzureAD,Mozilla/5.0 (Windows NT 10.0; Win64; x64; rv:151.0) Gecko/20100101 Firefox/151.0,Isaac Dunham,a12bc345-6d7e-89f0-gh1i-23j456kl78m7,isaacdunham@corp.local,a1b2c345-1a2b-1234-123a-123abcd12345,Member,,,,,a1b2c345-1a2b-1234-123a-123abcd12345,a1b2c345-1a2b-1234-123a-123abcd12345,pqr0sPQRSTUVtWuv1w2XYZ,567ab890-1234-c567-defa-8b90cdefa1b2,[],7922,none,none,,,none,,,,none,false,false,none,"{""signInSessionStatus"":""unbound"",""signInSessionStatusCode"":1002}",d8efab90-c12d-3e4f-56a7-8b901c23456d,d8efab90-c12d-3e4f-56a7-8b901c23456d,"{""agentType"":""notAgentic"",""agentSubjectType"":""notAgentic""}",,"[""456f7890-ab12-3cd4-ef56-abc7d8e90123""]",,,,SigninLogs
"6/15/2026, 5:11:48.474 PM",192.168.1.1,1234abcd-a123-2a12-a1b2-1a12345678b1,Azure AD,/tenants/a1b2c345-1a2b-1234-123a-123abcd12345/providers/Microsoft.aadiam,Sign-in activity,1.0,SignInLogs,0,SUCCESS,,0,4fa56789-b012-3456-7c8d-9efa0bc12345,Microsoft.aadiam,Microsoft.aadiam,,Isaac Dunham,,US,isaacdunham@corp.local,KustoClient,db662dc1-0cfe-4e1c-a843-19a68e65be58,[],"[{""authenticationStepDateTime"":""2026-06-15T16:18:22.9817536+00:00"",""authenticationMethod"":""Password"",""authenticationMethodDetail"":""Password in the cloud"",""succeeded"":true,""authenticationStepResultDetail"":""Correct password"",""authenticationStepRequirement"":"""",""StatusSequence"":0,""RequestSequence"":1},{""authenticationStepDateTime"":""2026-06-15T16:18:22.9817536+00:00"",""authenticationMethod"":""Mobile app notification"",""succeeded"":true,""authenticationStepResultDetail"":""MFA completed in Azure AD"",""authenticationStepRequirement"":""""}]",,,"[{""key"":""Legacy TLS (TLS 1.0, 1.1, 3DES)"",""value"":""False""},{""key"":""Is Legacy Store Used"",""value"":""False""},{""key"":""Is CAE Token"",""value"":""False""}]",multiFactorAuthentication,"[{""requirementProvider"":""securityDefaults"",""detail"":""Security Defaults""}]",Mobile Apps and Desktop clients,"[{""id"":""SecurityDefaults"",""displayName"":""Security Defaults"",""enforcedGrantControls"":[""Mfa""],""result"":""success"",""conditionsSatisfied"":3,""conditionsNotSatisfied"":0}]",notApplied,"6/15/2026, 4:18:22.981 PM","{""deviceId"":"""",""operatingSystem"":""Windows10"",""browser"":""Edge 18.26200"",""isCompliant"":false,""isManaged"":false}",true,2bc34567-8901-2345-6d78-e9fa01b23456,,"{""city"":""Seattle"",""state"":""Washington"",""countryOrRegion"":""US"",""geoCoordinates"":{""latitude"":47.6062095,""longitude"":-122.3320708}}","{""authMethod"":""Mobile app notification""}",,2bc34567-8901-2345-6d78-e9fa01b23456,157,hidden,[],[],hidden,hidden,none,Azure Data Explorer,2345fa67-8901-2b34-56cd-7e89f012a3b4,,00000000-0000-0000-0000-000000000000,KustoClient,"{""errorCode"":0,""additionalDetails"":""MFA completed in Azure AD""}",,AzureAD,"Mozilla/5.0 (Windows NT 10.0; Win64; x64; WebView/3.0) AppleWebKit/537.36 (KHTML, like Gecko) Chrome/70.0.3538.102 Safari/537.36 Edge/18.26200",Isaac Dunham,a12bc345-6d7e-89f0-gh1i-23j456kl78m7,isaacdunham@corp.local,a1b2c345-1a2b-1234-123a-123abcd12345,Member,,,isaacdunham@corp.local,0,a1b2c345-1a2b-1234-123a-123abcd12345,a1b2c345-1a2b-1234-123a-123abcd12345,PQRSTUVpWqrXYZstu4vABC,456fab7c-8901-d2ef-3abc-d45e6f7890ab,[],7922,none,none,"{""operatingSystem"":""Android"",""clientApp"":""Authenticator"",""appVersion"":""6.2605.3042""}","[{""policyName"":""Number Match"",""adminConfiguration"":""enabled"",""status"":""numberMatchCorrectNumberEntered"",""authenticationEvaluation"":""success""},{""policyName"":""App Lock"",""adminConfiguration"":""disabled"",""status"":""unknown"",""authenticationEvaluation"":""success""},{""policyName"":""Application Context"",""adminConfiguration"":""disabled"",""status"":""unknown"",""authenticationEvaluation"":""failure""},{""policyName"":""Location Context"",""adminConfiguration"":""disabled"",""status"":""unknown"",""authenticationEvaluation"":""failure""}]",none,,,,refreshToken,false,false,none,"{""signInSessionStatus"":""none"",""signInSessionStatusCode"":1002}",d8efab90-c12d-3e4f-56a7-8b901c23456d,,"{""agentType"":""notAgentic"",""agentSubjectType"":""notAgentic""}",,"[""2345fa67-8901-2b34-56cd-7e89f012a3b4""]",,,,SigninLogs
"6/15/2026, 5:16:34.760 PM",192.168.1.1,1234abcd-a123-2a12-a1b2-1a12345678b1,Azure AD,/tenants/a1b2c345-1a2b-1234-123a-123abcd12345/providers/Microsoft.aadiam,Sign-in activity,1.0,SignInLogs,0,SUCCESS,,0,4fa56789-b012-3456-7c8d-9efa0bc12345,Microsoft.aadiam,Microsoft.aadiam,,Isaac Dunham,,US,isaacdunham@corp.local,KustoClient,db662dc1-0cfe-4e1c-a843-19a68e65be58,[],"[{""authenticationStepDateTime"":""2026-06-15T16:18:22.9817536+00:00"",""authenticationMethod"":""Password"",""authenticationMethodDetail"":""Password in the cloud"",""succeeded"":true,""authenticationStepResultDetail"":""Correct password"",""authenticationStepRequirement"":"""",""StatusSequence"":0,""RequestSequence"":1},{""authenticationStepDateTime"":""2026-06-15T16:18:22.9817536+00:00"",""authenticationMethod"":""Mobile app notification"",""succeeded"":true,""authenticationStepResultDetail"":""MFA completed in Azure AD"",""authenticationStepRequirement"":""""}]",,,"[{""key"":""Legacy TLS (TLS 1.0, 1.1, 3DES)"",""value"":""False""},{""key"":""Is Legacy Store Used"",""value"":""False""},{""key"":""Is CAE Token"",""value"":""False""}]",multiFactorAuthentication,"[{""requirementProvider"":""securityDefaults"",""detail"":""Security Defaults""}]",Mobile Apps and Desktop clients,"[{""id"":""SecurityDefaults"",""displayName"":""Security Defaults"",""enforcedGrantControls"":[""Mfa""],""result"":""success"",""conditionsSatisfied"":3,""conditionsNotSatisfied"":0}]",notApplied,"6/15/2026, 4:18:22.981 PM","{""deviceId"":"""",""operatingSystem"":""Windows10"",""browser"":""Edge 18.26200"",""isCompliant"":false,""isManaged"":false}",true,2bc34567-8901-2345-6d78-e9fa01b23456,,"{""city"":""Seattle"",""state"":""Washington"",""countryOrRegion"":""US"",""geoCoordinates"":{""latitude"":47.6062095,""longitude"":-122.3320708}}","{""authMethod"":""Mobile app notification""}",,2bc34567-8901-2345-6d78-e9fa01b23456,157,hidden,[],[],hidden,hidden,none,Azure Data Explorer,2345fa67-8901-2b34-56cd-7e89f012a3b4,,00000000-0000-0000-0000-000000000000,KustoClient,"{""errorCode"":0,""additionalDetails"":""MFA completed in Azure AD""}",,AzureAD,"Mozilla/5.0 (Windows NT 10.0; Win64; x64; WebView/3.0) AppleWebKit/537.36 (KHTML, like Gecko) Chrome/70.0.3538.102 Safari/537.36 Edge/18.26200",Isaac Dunham,a12bc345-6d7e-89f0-gh1i-23j456kl78m7,isaacdunham@corp.local,a1b2c345-1a2b-1234-123a-123abcd12345,Member,,,isaacdunham@corp.local,0,a1b2c345-1a2b-1234-123a-123abcd12345,a1b2c345-1a2b-1234-123a-123abcd12345,PQRSTUVpWqrXYZstu4vABC,456fab7c-8901-d2ef-3abc-d45e6f7890ab,[],7922,none,none,"{""operatingSystem"":""Android"",""clientApp"":""Authenticator"",""appVersion"":""6.2605.3042""}","[{""policyName"":""Number Match"",""adminConfiguration"":""enabled"",""status"":""numberMatchCorrectNumberEntered"",""authenticationEvaluation"":""success""},{""policyName"":""App Lock"",""adminConfiguration"":""disabled"",""status"":""unknown"",""authenticationEvaluation"":""success""},{""policyName"":""Application Context"",""adminConfiguration"":""disabled"",""status"":""unknown"",""authenticationEvaluation"":""failure""},{""policyName"":""Location Context"",""adminConfiguration"":""disabled"",""status"":""unknown"",""authenticationEvaluation"":""failure""}]",none,,,,refreshToken,false,false,none,"{""signInSessionStatus"":""none"",""signInSessionStatusCode"":1002}",d8efab90-c12d-3e4f-56a7-8b901c23456d,,"{""agentType"":""notAgentic"",""agentSubjectType"":""notAgentic""}",,"[""2345fa67-8901-2b34-56cd-7e89f012a3b4""]",,,,SigninLogs
"6/15/2026, 5:16:09.287 PM",192.168.1.1,1234abcd-a123-2a12-a1b2-1a12345678b1,Azure AD,/tenants/a1b2c345-1a2b-1234-123a-123abcd12345/providers/Microsoft.aadiam,Sign-in activity,1.0,SignInLogs,0,SUCCESS,,0,4fa56789-b012-3456-7c8d-9efa0bc12345,Microsoft.aadiam,Microsoft.aadiam,,Isaac Dunham,,US,isaacdunham@corp.local,KustoClient,db662dc1-0cfe-4e1c-a843-19a68e65be58,[],"[{""authenticationStepDateTime"":""2026-06-15T16:18:22.9817536+00:00"",""authenticationMethod"":""Password"",""authenticationMethodDetail"":""Password in the cloud"",""succeeded"":true,""authenticationStepResultDetail"":""Correct password"",""authenticationStepRequirement"":"""",""StatusSequence"":0,""RequestSequence"":1},{""authenticationStepDateTime"":""2026-06-15T16:18:22.9817536+00:00"",""authenticationMethod"":""Mobile app notification"",""succeeded"":true,""authenticationStepResultDetail"":""MFA completed in Azure AD"",""authenticationStepRequirement"":""""}]",,,"[{""key"":""Legacy TLS (TLS 1.0, 1.1, 3DES)"",""value"":""False""},{""key"":""Is Legacy Store Used"",""value"":""False""},{""key"":""Is CAE Token"",""value"":""False""}]",multiFactorAuthentication,"[{""requirementProvider"":""securityDefaults"",""detail"":""Security Defaults""}]",Mobile Apps and Desktop clients,"[{""id"":""SecurityDefaults"",""displayName"":""Security Defaults"",""enforcedGrantControls"":[""Mfa""],""result"":""success"",""conditionsSatisfied"":3,""conditionsNotSatisfied"":0}]",notApplied,"6/15/2026, 4:18:22.981 PM","{""deviceId"":"""",""operatingSystem"":""Windows10"",""browser"":""Edge 18.26200"",""isCompliant"":false,""isManaged"":false}",true,2bc34567-8901-2345-6d78-e9fa01b23456,,"{""city"":""Seattle"",""state"":""Washington"",""countryOrRegion"":""US"",""geoCoordinates"":{""latitude"":47.6062095,""longitude"":-122.3320708}}","{""authMethod"":""Mobile app notification""}",,2bc34567-8901-2345-6d78-e9fa01b23456,157,hidden,[],[],hidden,hidden,none,Azure Data Explorer,2345fa67-8901-2b34-56cd-7e89f012a3b4,,00000000-0000-0000-0000-000000000000,KustoClient,"{""errorCode"":0,""additionalDetails"":""MFA completed in Azure AD""}",,AzureAD,"Mozilla/5.0 (Windows NT 10.0; Win64; x64; WebView/3.0) AppleWebKit/537.36 (KHTML, like Gecko) Chrome/70.0.3538.102 Safari/537.36 Edge/18.26200",Isaac Dunham,a12bc345-6d7e-89f0-gh1i-23j456kl78m7,isaacdunham@corp.local,a1b2c345-1a2b-1234-123a-123abcd12345,Member,,,isaacdunham@corp.local,0,a1b2c345-1a2b-1234-123a-123abcd12345,a1b2c345-1a2b-1234-123a-123abcd12345,PQRSTUVpWqrXYZstu4vABC,456fab7c-8901-d2ef-3abc-d45e6f7890ab,[],7922,none,none,"{""operatingSystem"":""Android"",""clientApp"":""Authenticator"",""appVersion"":""6.2605.3042""}","[{""policyName"":""Number Match"",""adminConfiguration"":""enabled"",""status"":""numberMatchCorrectNumberEntered"",""authenticationEvaluation"":""success""},{""policyName"":""App Lock"",""adminConfiguration"":""disabled"",""status"":""unknown"",""authenticationEvaluation"":""success""},{""policyName"":""Application Context"",""adminConfiguration"":""disabled"",""status"":""unknown"",""authenticationEvaluation"":""failure""},{""policyName"":""Location Context"",""adminConfiguration"":""disabled"",""status"":""unknown"",""authenticationEvaluation"":""failure""}]",none,,,,refreshToken,false,false,none,"{""signInSessionStatus"":""none"",""signInSessionStatusCode"":1002}",d8efab90-c12d-3e4f-56a7-8b901c23456d,,"{""agentType"":""notAgentic"",""agentSubjectType"":""notAgentic""}",,"[""2345fa67-8901-2b34-56cd-7e89f012a3b4""]",,,,SigninLogs
